,연도.월,시도,전월대비 증감 인구,전월대비 인구 증감률
0,2013.02,서울특별시,1370,0.01
1,2013.03,서울특별시,-4377,-0.04
2,2013.04,서울특별시,-6102,-0.06
3,2013.05,서울특별시,-4148,-0.04
4,2013.06,서울특별시,-5247,-0.05
5,2013.07,서울특별시,-4558,-0.04
6,2013.08,서울특별시,-3005,-0.03
7,2013.09,서울특별시,-2306,-0.02
8,2013.10,서울특별시,-4592,-0.05
9,2013.11,서울특별시,-7919,-0.08
10,2013.12,서울특별시,-10535,-0.1
11,2014.01,서울특별시,-481,-0.0
12,2014.02,서울특별시,1009,0.01
13,2014.03,서울특별시,-2446,-0.02
14,2014.04,서울특별시,-4414,-0.04
15,2014.05,서울특별시,-3579,-0.04
16,2014.06,서울특별시,-4511,-0.04
17,2014.07,서울특별시,-3311,-0.03
18,2014.08,서울특별시,-1669,-0.02
19,2014.09,서울특별시,-1582,-0.02
20,2014.10,서울특별시,-4752,-0.05
21,2014.11,서울특별시,-5753,-0.06
22,2014.12,서울특별시,-8923,-0.09
23,2015.01,서울특별시,1282,0.01
24,2015.02,서울특별시,691,0.01
25,2015.03,서울특별시,-4219,-0.04
26,2015.04,서울특별시,-6098,-0.06
27,2015.05,서울특별시,-6496,-0.06
28,2015.06,서울특별시,-9543,-0.09
29,2015.07,서울특별시,-7196,-0.07
30,2015.08,서울특별시,-8457,-0.08
31,2015.09,서울특별시,-8170,-0.08
32,2015.10,서울특별시,-10000,-0.1
33,2015.11,서울특별시,-9430,-0.09
34,2015.12,서울특별시,-13416,-0.13
35,2016.01,서울특별시,-3644,-0.04
36,2016.02,서울특별시,-4276,-0.04
37,2016.03,서울특별시,-4673,-0.05
38,2016.04,서울특별시,-6609,-0.07
39,2016.05,서울특별시,-7195,-0.07
40,2016.06,서울특별시,-5989,-0.06
41,2016.07,서울특별시,-8122,-0.08
42,2016.08,서울특별시,-10562,-0.11
43,2016.09,서울특별시,-6820,-0.07
44,2016.10,서울특별시,-9500,-0.1
45,2016.11,서울특별시,-11458,-0.12
46,2016.12,서울특별시,-12717,-0.13
47,2017.01,서울특별시,-138,-0.0
48,2017.02,서울특별시,934,0.01
49,2017.03,서울특별시,-4444,-0.04
50,2017.04,서울특별시,-4223,-0.04
51,2017.05,서울특별시,-3729,-0.04
52,2017.06,서울특별시,-4635,-0.05
53,2017.07,서울특별시,-5769,-0.06
54,2017.08,서울특별시,-6540,-0.07
55,2017.09,서울특별시,-10624,-0.11
56,2017.10,서울특별시,-8638,-0.09
57,2017.11,서울특별시,-12643,-0.13
58,2017.12,서울특별시,-12741,-0.13
59,2018.01,서울특별시,-5659,-0.06
60,2018.02,서울특별시,-6431,-0.07
61,2018.03,서울특별시,-6444,-0.07
62,2018.04,서울특별시,-8440,-0.09
63,2018.05,서울특별시,-9481,-0.1
64,2018.06,서울특별시,-6922,-0.07
65,2018.07,서울특별시,-7511,-0.08
66,2018.08,서울특별시,-7463,-0.08
67,2018.09,서울특별시,-6072,-0.06
68,2018.10,서울특별시,-8891,-0.09
69,2018.11,서울특별시,-10024,-0.1
70,2018.12,서울특별시,-8465,-0.09
71,2019.01,서울특별시,665,0.01
72,2019.02,서울특별시,4350,0.04
73,2019.03,서울특별시,-422,-0.0
74,2019.04,서울특별시,-3330,-0.03
75,2019.05,서울특별시,-4824,-0.05
76,2019.06,서울특별시,-4918,-0.05
77,2019.07,서울특별시,-5729,-0.06
78,2019.08,서울특별시,-6527,-0.07
79,2019.09,서울특별시,-4490,-0.05
80,2019.10,서울특별시,-4109,-0.04
81,2019.11,서울특별시,-3712,-0.04
82,2019.12,서울특별시,-3470,-0.04
83,2020.01,서울특별시,4402,0.05
84,2020.02,서울특별시,3453,0.04
85,2020.03,서울특별시,-3307,-0.03
86,2020.04,서울특별시,-6868,-0.07
87,2020.05,서울특별시,-2291,-0.02
88,2020.06,서울특별시,-3650,-0.04
89,2020.07,서울특별시,-5417,-0.06
90,2020.08,서울특별시,-7182,-0.07
91,2020.09,서울특별시,-9015,-0.09
92,2020.10,서울특별시,-10073,-0.1
93,2020.11,서울특별시,-9388,-0.1
94,2020.12,서울특별시,-11306,-0.12
95,2021.01,서울특별시,-10496,-0.11
96,2021.02,서울특별시,-9363,-0.1
97,2021.03,서울특별시,-50122,-0.52
98,2021.04,서울특별시,-9773,-0.1
99,2021.05,서울특별시,-13356,-0.14
100,2021.06,서울특별시,-9365,-0.1
101,2021.07,서울특별시,-7837,-0.08
102,2021.08,서울특별시,-7926,-0.08
103,2021.09,서울특별시,-7971,-0.08
104,2021.10,서울특별시,-9828,-0.1
105,2021.11,서울특별시,-11548,-0.12
106,2021.12,서울특별시,-11422,-0.12
107,2022.01,서울특별시,-3532,-0.04
108,2022.02,서울특별시,2525,0.03
109,2022.03,서울특별시,-1673,-0.02
110,2022.04,서울특별시,-6298,-0.07
111,2022.05,서울특별시,-3593,-0.04
112,2022.06,서울특별시,-2080,-0.02
113,2022.07,서울특별시,-1596,-0.02
114,2022.08,서울특별시,-4757,-0.05
115,2022.09,서울특별시,-37686,-0.4
116,2022.10,서울특별시,-7046,-0.07
117,2022.11,서울특별시,-6886,-0.07
118,2022.12,서울특별시,-8464,-0.09
119,2013.02,부산광역시,1264,0.04
120,2013.03,부산광역시,-1170,-0.03
121,2013.04,부산광역시,-527,-0.01
122,2013.05,부산광역시,-1332,-0.04
123,2013.06,부산광역시,-1926,-0.05
124,2013.07,부산광역시,-1506,-0.04
125,2013.08,부산광역시,-1198,-0.03
126,2013.09,부산광역시,-153,-0.0
127,2013.10,부산광역시,-1064,-0.03
128,2013.11,부산광역시,-695,-0.02
129,2013.12,부산광역시,-2249,-0.06
130,2014.01,부산광역시,-987,-0.03
131,2014.02,부산광역시,791,0.02
132,2014.03,부산광역시,-1927,-0.05
133,2014.04,부산광역시,-2126,-0.06
134,2014.05,부산광역시,-1913,-0.05
135,2014.06,부산광역시,-263,-0.01
136,2014.07,부산광역시,-922,-0.03
137,2014.08,부산광역시,-1,-0.0
138,2014.09,부산광역시,445,0.01
139,2014.10,부산광역시,5181,0.15
140,2014.11,부산광역시,-3270,-0.09
141,2014.12,부산광역시,-3242,-0.09
142,2015.01,부산광역시,-1503,-0.04
143,2015.02,부산광역시,41,0.0
144,2015.03,부산광역시,-2100,-0.06
145,2015.04,부산광역시,-400,-0.01
146,2015.05,부산광역시,367,0.01
147,2015.06,부산광역시,1685,0.05
148,2015.07,부산광역시,1464,0.04
149,2015.08,부산광역시,-1048,-0.03
150,2015.09,부산광역시,-1203,-0.03
151,2015.10,부산광역시,-1015,-0.03
152,2015.11,부산광역시,-847,-0.02
153,2015.12,부산광역시,-1065,-0.03
154,2016.01,부산광역시,-416,-0.01
155,2016.02,부산광역시,-169,-0.0
156,2016.03,부산광역시,-748,-0.02
157,2016.04,부산광역시,-470,-0.01
158,2016.05,부산광역시,-1141,-0.03
159,2016.06,부산광역시,-1371,-0.04
160,2016.07,부산광역시,-1367,-0.04
161,2016.08,부산광역시,-890,-0.03
162,2016.09,부산광역시,-1384,-0.04
163,2016.10,부산광역시,-2032,-0.06
164,2016.11,부산광역시,-2118,-0.06
165,2016.12,부산광역시,-3142,-0.09
166,2017.01,부산광역시,-1750,-0.05
167,2017.02,부산광역시,-1301,-0.04
168,2017.03,부산광역시,-2437,-0.07
169,2017.04,부산광역시,-1759,-0.05
170,2017.05,부산광역시,-2070,-0.06
171,2017.06,부산광역시,-2642,-0.08
172,2017.07,부산광역시,-1734,-0.05
173,2017.08,부산광역시,-653,-0.02
174,2017.09,부산광역시,-1379,-0.04
175,2017.10,부산광역시,-4695,-0.13
176,2017.11,부산광역시,-3575,-0.1
177,2017.12,부산광역시,-3881,-0.11
178,2018.01,부산광역시,-3598,-0.1
179,2018.02,부산광역시,-1648,-0.05
180,2018.03,부산광역시,-2304,-0.07
181,2018.04,부산광역시,-2396,-0.07
182,2018.05,부산광역시,-2573,-0.07
183,2018.06,부산광역시,-2523,-0.07
184,2018.07,부산광역시,-2413,-0.07
185,2018.08,부산광역시,-2149,-0.06
186,2018.09,부산광역시,-1456,-0.04
187,2018.10,부산광역시,-2737,-0.08
188,2018.11,부산광역시,-2316,-0.07
189,2018.12,부산광역시,-3087,-0.09
190,2019.01,부산광역시,-3194,-0.09
191,2019.02,부산광역시,-2029,-0.06
192,2019.03,부산광역시,-2139,-0.06
193,2019.04,부산광역시,-2341,-0.07
194,2019.05,부산광역시,-2155,-0.06
195,2019.06,부산광역시,-1963,-0.06
196,2019.07,부산광역시,-2315,-0.07
197,2019.08,부산광역시,-2108,-0.06
198,2019.09,부산광역시,-1707,-0.05
199,2019.10,부산광역시,-2631,-0.08
200,2019.11,부산광역시,-2150,-0.06
201,2019.12,부산광역시,-2880,-0.08
202,2020.01,부산광역시,-2022,-0.06
203,2020.02,부산광역시,-894,-0.03
204,2020.03,부산광역시,-993,-0.03
205,2020.04,부산광역시,-1585,-0.05
206,2020.05,부산광역시,-1405,-0.04
207,2020.06,부산광역시,-2519,-0.07
208,2020.07,부산광역시,-1647,-0.05
209,2020.08,부산광역시,-1704,-0.05
210,2020.09,부산광역시,-1323,-0.04
211,2020.10,부산광역시,-2151,-0.06
212,2020.11,부산광역시,-2084,-0.06
213,2020.12,부산광역시,-3568,-0.11
214,2021.01,부산광역시,-2558,-0.08
215,2021.02,부산광역시,-1627,-0.05
216,2021.03,부산광역시,-15362,-0.46
217,2021.04,부산광역시,-2695,-0.08
218,2021.05,부산광역시,-2370,-0.07
219,2021.06,부산광역시,-2976,-0.09
220,2021.07,부산광역시,-2577,-0.08
221,2021.08,부산광역시,-2254,-0.07
222,2021.09,부산광역시,-764,-0.02
223,2021.10,부산광역시,-2452,-0.07
224,2021.11,부산광역시,-2684,-0.08
225,2021.12,부산광역시,-3247,-0.1
226,2022.01,부산광역시,-1506,-0.04
227,2022.02,부산광역시,-1478,-0.04
228,2022.03,부산광역시,-3892,-0.12
229,2022.04,부산광역시,-3290,-0.1
230,2022.05,부산광역시,-2047,-0.06
231,2022.06,부산광역시,-1430,-0.04
232,2022.07,부산광역시,-2142,-0.06
233,2022.08,부산광역시,-3151,-0.09
234,2022.09,부산광역시,-7618,-0.23
235,2022.10,부산광역시,-1540,-0.05
236,2022.11,부산광역시,-2010,-0.06
237,2022.12,부산광역시,-2464,-0.07
238,2013.02,대구광역시,95,0.0
239,2013.03,대구광역시,-417,-0.02
240,2013.04,대구광역시,265,0.01
241,2013.05,대구광역시,195,0.01
242,2013.06,대구광역시,-1355,-0.05
243,2013.07,대구광역시,-124,-0.0
244,2013.08,대구광역시,-204,-0.01
245,2013.09,대구광역시,279,0.01
246,2013.10,대구광역시,-31,-0.0
247,2013.11,대구광역시,-365,-0.01
248,2013.12,대구광역시,-1695,-0.07
249,2014.01,대구광역시,235,0.01
250,2014.02,대구광역시,-1045,-0.04
251,2014.03,대구광역시,96,0.0
252,2014.04,대구광역시,-994,-0.04
253,2014.05,대구광역시,-1248,-0.05
254,2014.06,대구광역시,-182,-0.01
255,2014.07,대구광역시,-745,-0.03
256,2014.08,대구광역시,-1109,-0.04
257,2014.09,대구광역시,-5327,-0.21
258,2014.10,대구광역시,1725,0.07
259,2014.11,대구광역시,863,0.03
260,2014.12,대구광역시,-593,-0.02
261,2015.01,대구광역시,-606,-0.02
262,2015.02,대구광역시,-75,-0.0
263,2015.03,대구광역시,-686,-0.03
264,2015.04,대구광역시,-352,-0.01
265,2015.05,대구광역시,322,0.01
266,2015.06,대구광역시,-730,-0.03
267,2015.07,대구광역시,-338,-0.01
268,2015.08,대구광역시,-178,-0.01
269,2015.09,대구광역시,-37,-0.0
270,2015.10,대구광역시,-737,-0.03
271,2015.11,대구광역시,-508,-0.02
272,2015.12,대구광역시,-1510,-0.06
273,2016.01,대구광역시,-6,-0.0
274,2016.02,대구광역시,-1234,-0.05
275,2016.03,대구광역시,-530,-0.02
276,2016.04,대구광역시,-396,-0.02
277,2016.05,대구광역시,-529,-0.02
278,2016.06,대구광역시,-270,-0.01
279,2016.07,대구광역시,-8,-0.0
280,2016.08,대구광역시,681,0.03
281,2016.09,대구광역시,155,0.01
282,2016.10,대구광역시,-208,-0.01
283,2016.11,대구광역시,51,0.0
284,2016.12,대구광역시,-978,-0.04
285,2017.01,대구광역시,131,0.01
286,2017.02,대구광역시,-110,-0.0
287,2017.03,대구광역시,-1090,-0.04
288,2017.04,대구광역시,-383,-0.02
289,2017.05,대구광역시,-629,-0.03
290,2017.06,대구광역시,-491,-0.02
291,2017.07,대구광역시,-496,-0.02
292,2017.08,대구광역시,-1602,-0.06
293,2017.09,대구광역시,-1651,-0.07
294,2017.10,대구광역시,-1050,-0.04
295,2017.11,대구광역시,-629,-0.03
296,2017.12,대구광역시,-1326,-0.05
297,2018.01,대구광역시,-922,-0.04
298,2018.02,대구광역시,-843,-0.03
299,2018.03,대구광역시,-1291,-0.05
300,2018.04,대구광역시,-1039,-0.04
301,2018.05,대구광역시,-1200,-0.05
302,2018.06,대구광역시,-319,-0.01
303,2018.07,대구광역시,-793,-0.03
304,2018.08,대구광역시,-1439,-0.06
305,2018.09,대구광역시,-931,-0.04
306,2018.10,대구광역시,-1309,-0.05
307,2018.11,대구광역시,-1143,-0.05
308,2018.12,대구광역시,-2233,-0.09
309,2019.01,대구광역시,-1387,-0.06
310,2019.02,대구광역시,-2244,-0.09
311,2019.03,대구광역시,-2309,-0.09
312,2019.04,대구광역시,-1675,-0.07
313,2019.05,대구광역시,-1863,-0.08
314,2019.06,대구광역시,-1813,-0.07
315,2019.07,대구광역시,-1812,-0.07
316,2019.08,대구광역시,-1921,-0.08
317,2019.09,대구광역시,-1475,-0.06
318,2019.10,대구광역시,-1742,-0.07
319,2019.11,대구광역시,-1947,-0.08
320,2019.12,대구광역시,-3550,-0.15
321,2020.01,대구광역시,-1543,-0.06
322,2020.02,대구광역시,-3605,-0.15
323,2020.03,대구광역시,685,0.03
324,2020.04,대구광역시,-2045,-0.08
325,2020.05,대구광역시,-2464,-0.1
326,2020.06,대구광역시,-1105,-0.05
327,2020.07,대구광역시,68,0.0
328,2020.08,대구광역시,206,0.01
329,2020.09,대구광역시,-1379,-0.06
330,2020.10,대구광역시,-2678,-0.11
331,2020.11,대구광역시,-2312,-0.1
332,2020.12,대구광역시,-3513,-0.15
333,2021.01,대구광역시,-2533,-0.1
334,2021.02,대구광역시,-2622,-0.11
335,2021.03,대구광역시,-4316,-0.18
336,2021.04,대구광역시,-2579,-0.11
337,2021.05,대구광역시,-3356,-0.14
338,2021.06,대구광역시,-5294,-0.22
339,2021.07,대구광역시,-1897,-0.08
340,2021.08,대구광역시,-2123,-0.09
341,2021.09,대구광역시,-839,-0.04
342,2021.10,대구광역시,-2066,-0.09
343,2021.11,대구광역시,-2491,-0.1
344,2021.12,대구광역시,-2818,-0.12
345,2022.01,대구광역시,-1554,-0.07
346,2022.02,대구광역시,-2763,-0.12
347,2022.03,대구광역시,-601,-0.03
348,2022.04,대구광역시,-1921,-0.08
349,2022.05,대구광역시,-1897,-0.08
350,2022.06,대구광역시,-1370,-0.06
351,2022.07,대구광역시,-1186,-0.05
352,2022.08,대구광역시,-2184,-0.09
353,2022.09,대구광역시,-4201,-0.18
354,2022.10,대구광역시,-883,-0.04
355,2022.11,대구광역시,-1233,-0.05
356,2022.12,대구광역시,-1928,-0.08
357,2013.02,인천광역시,3644,0.13
358,2013.03,인천광역시,2946,0.1
359,2013.04,인천광역시,3178,0.11
360,2013.05,인천광역시,2668,0.09
361,2013.06,인천광역시,2387,0.08
362,2013.07,인천광역시,3229,0.11
363,2013.08,인천광역시,2478,0.09
364,2013.09,인천광역시,2696,0.09
365,2013.10,인천광역시,3326,0.12
366,2013.11,인천광역시,3346,0.12
367,2013.12,인천광역시,2985,0.1
368,2014.01,인천광역시,2265,0.08
369,2014.02,인천광역시,2777,0.1
370,2014.03,인천광역시,1756,0.06
371,2014.04,인천광역시,2678,0.09
372,2014.05,인천광역시,2357,0.08
373,2014.06,인천광역시,868,0.03
374,2014.07,인천광역시,1668,0.06
375,2014.08,인천광역시,1141,0.04
376,2014.09,인천광역시,1726,0.06
377,2014.10,인천광역시,2053,0.07
378,2014.11,인천광역시,1925,0.07
379,2014.12,인천광역시,1612,0.06
380,2015.01,인천광역시,2268,0.08
381,2015.02,인천광역시,1727,0.06
382,2015.03,인천광역시,1815,0.06
383,2015.04,인천광역시,1889,0.06
384,2015.05,인천광역시,1807,0.06
385,2015.06,인천광역시,2157,0.07
386,2015.07,인천광역시,2448,0.08
387,2015.08,인천광역시,2263,0.08
388,2015.09,인천광역시,1956,0.07
389,2015.10,인천광역시,2092,0.07
390,2015.11,인천광역시,1548,0.05
391,2015.12,인천광역시,1237,0.04
392,2016.01,인천광역시,1380,0.05
393,2016.02,인천광역시,1401,0.05
394,2016.03,인천광역시,1221,0.04
395,2016.04,인천광역시,2324,0.08
396,2016.05,인천광역시,1818,0.06
397,2016.06,인천광역시,1355,0.05
398,2016.07,인천광역시,1903,0.06
399,2016.08,인천광역시,1685,0.06
400,2016.09,인천광역시,1534,0.05
401,2016.10,인천광역시,1357,0.05
402,2016.11,인천광역시,820,0.03
403,2016.12,인천광역시,456,0.02
404,2017.01,인천광역시,940,0.03
405,2017.02,인천광역시,257,0.01
406,2017.03,인천광역시,364,0.01
407,2017.04,인천광역시,675,0.02
408,2017.05,인천광역시,965,0.03
409,2017.06,인천광역시,645,0.02
410,2017.07,인천광역시,888,0.03
411,2017.08,인천광역시,211,0.01
412,2017.09,인천광역시,-716,-0.02
413,2017.10,인천광역시,800,0.03
414,2017.11,인천광역시,143,0.0
415,2017.12,인천광역시,301,0.01
416,2018.01,인천광역시,2229,0.08
417,2018.02,인천광역시,858,0.03
418,2018.03,인천광역시,-187,-0.01
419,2018.04,인천광역시,1034,0.04
420,2018.05,인천광역시,779,0.03
421,2018.06,인천광역시,628,0.02
422,2018.07,인천광역시,-42,-0.0
423,2018.08,인천광역시,-635,-0.02
424,2018.09,인천광역시,-90,-0.0
425,2018.10,인천광역시,217,0.01
426,2018.11,인천광역시,511,0.02
427,2018.12,인천광역시,798,0.03
428,2019.01,인천광역시,1274,0.04
429,2019.02,인천광역시,147,0.0
430,2019.03,인천광역시,450,0.02
431,2019.04,인천광역시,187,0.01
432,2019.05,인천광역시,479,0.02
433,2019.06,인천광역시,-155,-0.01
434,2019.07,인천광역시,-196,-0.01
435,2019.08,인천광역시,-303,-0.01
436,2019.09,인천광역시,279,0.01
437,2019.10,인천광역시,180,0.01
438,2019.11,인천광역시,265,0.01
439,2019.12,인천광역시,-223,-0.01
440,2020.01,인천광역시,-907,-0.03
441,2020.02,인천광역시,-1164,-0.04
442,2020.03,인천광역시,-2266,-0.08
443,2020.04,인천광역시,-1717,-0.06
444,2020.05,인천광역시,-909,-0.03
445,2020.06,인천광역시,-2846,-0.1
446,2020.07,인천광역시,-1652,-0.06
447,2020.08,인천광역시,-2074,-0.07
448,2020.09,인천광역시,-938,-0.03
449,2020.10,인천광역시,-320,-0.01
450,2020.11,인천광역시,74,0.0
451,2020.12,인천광역시,521,0.02
452,2021.01,인천광역시,-376,-0.01
453,2021.02,인천광역시,-747,-0.03
454,2021.03,인천광역시,-5244,-0.18
455,2021.04,인천광역시,-247,-0.01
456,2021.05,인천광역시,168,0.01
457,2021.06,인천광역시,-15,-0.0
458,2021.07,인천광역시,1073,0.04
459,2021.08,인천광역시,989,0.03
460,2021.09,인천광역시,3366,0.11
461,2021.10,인천광역시,3214,0.11
462,2021.11,인천광역시,1310,0.04
463,2021.12,인천광역시,2056,0.07
464,2022.01,인천광역시,775,0.03
465,2022.02,인천광역시,1828,0.06
466,2022.03,인천광역시,1721,0.06
467,2022.04,인천광역시,561,0.02
468,2022.05,인천광역시,1907,0.06
469,2022.06,인천광역시,1899,0.06
470,2022.07,인천광역시,3514,0.12
471,2022.08,인천광역시,2537,0.09
472,2022.09,인천광역시,-3020,-0.1
473,2022.10,인천광역시,2291,0.08
474,2022.11,인천광역시,2432,0.08
475,2022.12,인천광역시,2494,0.08
476,2013.02,광주광역시,908,0.06
477,2013.03,광주광역시,10,0.0
478,2013.04,광주광역시,345,0.02
479,2013.05,광주광역시,477,0.03
480,2013.06,광주광역시,66,0.0
481,2013.07,광주광역시,490,0.03
482,2013.08,광주광역시,450,0.03
483,2013.09,광주광역시,422,0.03
484,2013.10,광주광역시,347,0.02
485,2013.11,광주광역시,113,0.01
486,2013.12,광주광역시,-779,-0.05
487,2014.01,광주광역시,619,0.04
488,2014.02,광주광역시,-202,-0.01
489,2014.03,광주광역시,-837,-0.06
490,2014.04,광주광역시,-640,-0.04
491,2014.05,광주광역시,1847,0.13
492,2014.06,광주광역시,849,0.06
493,2014.07,광주광역시,1130,0.08
494,2014.08,광주광역시,783,0.05
495,2014.09,광주광역시,1058,0.07
496,2014.10,광주광역시,263,0.02
497,2014.11,광주광역시,424,0.03
498,2014.12,광주광역시,-2320,-0.16
499,2015.01,광주광역시,1007,0.07
500,2015.02,광주광역시,449,0.03
501,2015.03,광주광역시,164,0.01
502,2015.04,광주광역시,105,0.01
503,2015.05,광주광역시,-397,-0.03
504,2015.06,광주광역시,-238,-0.02
505,2015.07,광주광역시,-258,-0.02
506,2015.08,광주광역시,-564,-0.04
507,2015.09,광주광역시,-562,-0.04
508,2015.10,광주광역시,-987,-0.07
509,2015.11,광주광역시,307,0.02
510,2015.12,광주광역시,-2711,-0.18
511,2016.01,광주광역시,603,0.04
512,2016.02,광주광역시,-649,-0.04
513,2016.03,광주광역시,-535,-0.04
514,2016.04,광주광역시,201,0.01
515,2016.05,광주광역시,498,0.03
516,2016.06,광주광역시,-32,-0.0
517,2016.07,광주광역시,196,0.01
518,2016.08,광주광역시,-49,-0.0
519,2016.09,광주광역시,-53,-0.0
520,2016.10,광주광역시,-468,-0.03
521,2016.11,광주광역시,-527,-0.04
522,2016.12,광주광역시,-2170,-0.15
523,2017.01,광주광역시,369,0.03
524,2017.02,광주광역시,-1056,-0.07
525,2017.03,광주광역시,-761,-0.05
526,2017.04,광주광역시,-764,-0.05
527,2017.05,광주광역시,-261,-0.02
528,2017.06,광주광역시,-290,-0.02
529,2017.07,광주광역시,-36,-0.0
530,2017.08,광주광역시,227,0.02
531,2017.09,광주광역시,-3,-0.0
532,2017.10,광주광역시,77,0.01
533,2017.11,광주광역시,-388,-0.03
534,2017.12,광주광역시,-2558,-0.17
535,2018.01,광주광역시,267,0.02
536,2018.02,광주광역시,-937,-0.06
537,2018.03,광주광역시,-1067,-0.07
538,2018.04,광주광역시,-1061,-0.07
539,2018.05,광주광역시,-408,-0.03
540,2018.06,광주광역시,181,0.01
541,2018.07,광주광역시,458,0.03
542,2018.08,광주광역시,260,0.02
543,2018.09,광주광역시,327,0.02
544,2018.10,광주광역시,114,0.01
545,2018.11,광주광역시,-895,-0.06
546,2018.12,광주광역시,-1673,-0.11
547,2019.01,광주광역시,496,0.03
548,2019.02,광주광역시,-624,-0.04
549,2019.03,광주광역시,-278,-0.02
550,2019.04,광주광역시,10,0.0
551,2019.05,광주광역시,63,0.0
552,2019.06,광주광역시,21,0.0
553,2019.07,광주광역시,462,0.03
554,2019.08,광주광역시,-48,-0.0
555,2019.09,광주광역시,194,0.01
556,2019.10,광주광역시,-272,-0.02
557,2019.11,광주광역시,-445,-0.03
558,2019.12,광주광역시,-2447,-0.17
559,2020.01,광주광역시,220,0.02
560,2020.02,광주광역시,-567,-0.04
561,2020.03,광주광역시,-416,-0.03
562,2020.04,광주광역시,391,0.03
563,2020.05,광주광역시,-563,-0.04
564,2020.06,광주광역시,-485,-0.03
565,2020.07,광주광역시,-339,-0.02
566,2020.08,광주광역시,-555,-0.04
567,2020.09,광주광역시,-202,-0.01
568,2020.10,광주광역시,-958,-0.07
569,2020.11,광주광역시,-1001,-0.07
570,2020.12,광주광역시,-1931,-0.13
571,2021.01,광주광역시,-947,-0.07
572,2021.02,광주광역시,-1162,-0.08
573,2021.03,광주광역시,-2480,-0.17
574,2021.04,광주광역시,-686,-0.05
575,2021.05,광주광역시,-1633,-0.11
576,2021.06,광주광역시,-507,-0.04
577,2021.07,광주광역시,-165,-0.01
578,2021.08,광주광역시,-512,-0.04
579,2021.09,광주광역시,857,0.06
580,2021.10,광주광역시,-373,-0.03
581,2021.11,광주광역시,-316,-0.02
582,2021.12,광주광역시,-527,-0.04
583,2022.01,광주광역시,25,0.0
584,2022.02,광주광역시,-1604,-0.11
585,2022.03,광주광역시,-1569,-0.11
586,2022.04,광주광역시,-1547,-0.11
587,2022.05,광주광역시,-904,-0.06
588,2022.06,광주광역시,-634,-0.04
589,2022.07,광주광역시,-675,-0.05
590,2022.08,광주광역시,-306,-0.02
591,2022.09,광주광역시,-1541,-0.11
592,2022.10,광주광역시,-205,-0.01
593,2022.11,광주광역시,-602,-0.04
594,2022.12,광주광역시,-999,-0.07
595,2013.02,대전광역시,1495,0.1
596,2013.03,대전광역시,474,0.03
597,2013.04,대전광역시,721,0.05
598,2013.05,대전광역시,507,0.03
599,2013.06,대전광역시,570,0.04
600,2013.07,대전광역시,571,0.04
601,2013.08,대전광역시,682,0.04
602,2013.09,대전광역시,510,0.03
603,2013.10,대전광역시,1038,0.07
604,2013.11,대전광역시,658,0.04
605,2013.12,대전광역시,-303,-0.02
606,2014.01,대전광역시,686,0.04
607,2014.02,대전광역시,838,0.05
608,2014.03,대전광역시,619,0.04
609,2014.04,대전광역시,413,0.03
610,2014.05,대전광역시,48,0.0
611,2014.06,대전광역시,286,0.02
612,2014.07,대전광역시,648,0.04
613,2014.08,대전광역시,-63,-0.0
614,2014.09,대전광역시,-471,-0.03
615,2014.10,대전광역시,-787,-0.05
616,2014.11,대전광역시,-987,-0.06
617,2014.12,대전광역시,-2232,-0.15
618,2015.01,대전광역시,-522,-0.03
619,2015.02,대전광역시,-1856,-0.12
620,2015.03,대전광역시,-1341,-0.09
621,2015.04,대전광역시,-776,-0.05
622,2015.05,대전광역시,-746,-0.05
623,2015.06,대전광역시,-912,-0.06
624,2015.07,대전광역시,-461,-0.03
625,2015.08,대전광역시,-1170,-0.08
626,2015.09,대전광역시,-687,-0.05
627,2015.10,대전광역시,-1050,-0.07
628,2015.11,대전광역시,-1146,-0.08
629,2015.12,대전광역시,-2367,-0.16
630,2016.01,대전광역시,-751,-0.05
631,2016.02,대전광역시,-308,-0.02
632,2016.03,대전광역시,-598,-0.04
633,2016.04,대전광역시,-214,-0.01
634,2016.05,대전광역시,-410,-0.03
635,2016.06,대전광역시,-286,-0.02
636,2016.07,대전광역시,83,0.01
637,2016.08,대전광역시,-126,-0.01
638,2016.09,대전광역시,76,0.01
639,2016.10,대전광역시,-454,-0.03
640,2016.11,대전광역시,-393,-0.03
641,2016.12,대전광역시,-1024,-0.07
642,2017.01,대전광역시,-16,-0.0
643,2017.02,대전광역시,-477,-0.03
644,2017.03,대전광역시,-1688,-0.11
645,2017.04,대전광역시,-793,-0.05
646,2017.05,대전광역시,-1809,-0.12
647,2017.06,대전광역시,-1450,-0.1
648,2017.07,대전광역시,-540,-0.04
649,2017.08,대전광역시,-481,-0.03
650,2017.09,대전광역시,-375,-0.02
651,2017.10,대전광역시,-912,-0.06
652,2017.11,대전광역시,-1522,-0.1
653,2017.12,대전광역시,-2080,-0.14
654,2018.01,대전광역시,-849,-0.06
655,2018.02,대전광역시,-2191,-0.15
656,2018.03,대전광역시,-1615,-0.11
657,2018.04,대전광역시,-1449,-0.1
658,2018.05,대전광역시,-889,-0.06
659,2018.06,대전광역시,-356,-0.02
660,2018.07,대전광역시,151,0.01
661,2018.08,대전광역시,-743,-0.05
662,2018.09,대전광역시,-632,-0.04
663,2018.10,대전광역시,-1065,-0.07
664,2018.11,대전광역시,-873,-0.06
665,2018.12,대전광역시,-1780,-0.12
666,2019.01,대전광역시,-1211,-0.08
667,2019.02,대전광역시,-1120,-0.08
668,2019.03,대전광역시,-958,-0.06
669,2019.04,대전광역시,-1138,-0.08
670,2019.05,대전광역시,-1111,-0.07
671,2019.06,대전광역시,-1460,-0.1
672,2019.07,대전광역시,-1237,-0.08
673,2019.08,대전광역시,-1181,-0.08
674,2019.09,대전광역시,-879,-0.06
675,2019.10,대전광역시,-1205,-0.08
676,2019.11,대전광역시,-1481,-0.1
677,2019.12,대전광역시,-2085,-0.14
678,2020.01,대전광역시,-718,-0.05
679,2020.02,대전광역시,-1027,-0.07
680,2020.03,대전광역시,-1267,-0.09
681,2020.04,대전광역시,-208,-0.01
682,2020.05,대전광역시,265,0.02
683,2020.06,대전광역시,-875,-0.06
684,2020.07,대전광역시,-815,-0.06
685,2020.08,대전광역시,-794,-0.05
686,2020.09,대전광역시,-332,-0.02
687,2020.10,대전광역시,-1543,-0.11
688,2020.11,대전광역시,-1663,-0.11
689,2020.12,대전광역시,-2011,-0.14
690,2021.01,대전광역시,-591,-0.04
691,2021.02,대전광역시,-1227,-0.08
692,2021.03,대전광역시,-3601,-0.25
693,2021.04,대전광역시,-844,-0.06
694,2021.05,대전광역시,-458,-0.03
695,2021.06,대전광역시,-1054,-0.07
696,2021.07,대전광역시,-807,-0.06
697,2021.08,대전광역시,-621,-0.04
698,2021.09,대전광역시,379,0.03
699,2021.10,대전광역시,-830,-0.06
700,2021.11,대전광역시,-553,-0.04
701,2021.12,대전광역시,-1424,-0.1
702,2022.01,대전광역시,-979,-0.07
703,2022.02,대전광역시,-410,-0.03
704,2022.03,대전광역시,-805,-0.06
705,2022.04,대전광역시,-697,-0.05
706,2022.05,대전광역시,-427,-0.03
707,2022.06,대전광역시,-532,-0.04
708,2022.07,대전광역시,-219,-0.02
709,2022.08,대전광역시,58,0.0
710,2022.09,대전광역시,-1638,-0.11
711,2022.10,대전광역시,261,0.02
712,2022.11,대전광역시,-114,-0.01
713,2022.12,대전광역시,-677,-0.05
714,2013.02,울산광역시,583,0.05
715,2013.03,울산광역시,1502,0.13
716,2013.04,울산광역시,493,0.04
717,2013.05,울산광역시,632,0.05
718,2013.06,울산광역시,699,0.06
719,2013.07,울산광역시,726,0.06
720,2013.08,울산광역시,1443,0.13
721,2013.09,울산광역시,174,0.02
722,2013.10,울산광역시,574,0.05
723,2013.11,울산광역시,911,0.08
724,2013.12,울산광역시,613,0.05
725,2014.01,울산광역시,719,0.06
726,2014.02,울산광역시,428,0.04
727,2014.03,울산광역시,618,0.05
728,2014.04,울산광역시,989,0.09
729,2014.05,울산광역시,1041,0.09
730,2014.06,울산광역시,744,0.06
731,2014.07,울산광역시,519,0.04
732,2014.08,울산광역시,778,0.07
733,2014.09,울산광역시,732,0.06
734,2014.10,울산광역시,642,0.06
735,2014.11,울산광역시,2539,0.22
736,2014.12,울산광역시,148,0.01
737,2015.01,울산광역시,855,0.07
738,2015.02,울산광역시,153,0.01
739,2015.03,울산광역시,1307,0.11
740,2015.04,울산광역시,741,0.06
741,2015.05,울산광역시,225,0.02
742,2015.06,울산광역시,110,0.01
743,2015.07,울산광역시,464,0.04
744,2015.08,울산광역시,408,0.03
745,2015.09,울산광역시,340,0.03
746,2015.10,울산광역시,2070,0.18
747,2015.11,울산광역시,1001,0.09
748,2015.12,울산광역시,-517,-0.04
749,2016.01,울산광역시,34,0.0
750,2016.02,울산광역시,-425,-0.04
751,2016.03,울산광역시,-184,-0.02
752,2016.04,울산광역시,-34,-0.0
753,2016.05,울산광역시,222,0.02
754,2016.06,울산광역시,-4,-0.0
755,2016.07,울산광역시,-77,-0.01
756,2016.08,울산광역시,-61,-0.01
757,2016.09,울산광역시,-40,-0.0
758,2016.10,울산광역시,213,0.02
759,2016.11,울산광역시,-287,-0.02
760,2016.12,울산광역시,-587,-0.05
761,2017.01,울산광역시,-648,-0.06
762,2017.02,울산광역시,-1699,-0.15
763,2017.03,울산광역시,-1114,-0.1
764,2017.04,울산광역시,-342,-0.03
765,2017.05,울산광역시,-541,-0.05
766,2017.06,울산광역시,-435,-0.04
767,2017.07,울산광역시,-583,-0.05
768,2017.08,울산광역시,-1033,-0.09
769,2017.09,울산광역시,-524,-0.04
770,2017.10,울산광역시,143,0.01
771,2017.11,울산광역시,-211,-0.02
772,2017.12,울산광역시,-185,-0.02
773,2018.01,울산광역시,-643,-0.06
774,2018.02,울산광역시,-1338,-0.12
775,2018.03,울산광역시,-1077,-0.09
776,2018.04,울산광역시,-771,-0.07
777,2018.05,울산광역시,-646,-0.06
778,2018.06,울산광역시,-1063,-0.09
779,2018.07,울산광역시,-747,-0.06
780,2018.08,울산광역시,-883,-0.08
781,2018.09,울산광역시,-544,-0.05
782,2018.10,울산광역시,-503,-0.04
783,2018.11,울산광역시,-657,-0.06
784,2018.12,울산광역시,-637,-0.06
785,2019.01,울산광역시,-837,-0.07
786,2019.02,울산광역시,-1051,-0.09
787,2019.03,울산광역시,-935,-0.08
788,2019.04,울산광역시,-507,-0.04
789,2019.05,울산광역시,-608,-0.05
790,2019.06,울산광역시,-384,-0.03
791,2019.07,울산광역시,-410,-0.04
792,2019.08,울산광역시,-597,-0.05
793,2019.09,울산광역시,-421,-0.04
794,2019.10,울산광역시,-464,-0.04
795,2019.11,울산광역시,-487,-0.04
796,2019.12,울산광역시,-903,-0.08
797,2020.01,울산광역시,-982,-0.09
798,2020.02,울산광역시,-1327,-0.12
799,2020.03,울산광역시,-1147,-0.1
800,2020.04,울산광역시,-465,-0.04
801,2020.05,울산광역시,-950,-0.08
802,2020.06,울산광역시,-958,-0.08
803,2020.07,울산광역시,-828,-0.07
804,2020.08,울산광역시,-1052,-0.09
805,2020.09,울산광역시,-942,-0.08
806,2020.10,울산광역시,-787,-0.07
807,2020.11,울산광역시,-1236,-0.11
808,2020.12,울산광역시,-1328,-0.12
809,2021.01,울산광역시,-647,-0.06
810,2021.02,울산광역시,-2417,-0.21
811,2021.03,울산광역시,-3699,-0.33
812,2021.04,울산광역시,-1091,-0.1
813,2021.05,울산광역시,-988,-0.09
814,2021.06,울산광역시,-806,-0.07
815,2021.07,울산광역시,-642,-0.06
816,2021.08,울산광역시,-1268,-0.11
817,2021.09,울산광역시,-1223,-0.11
818,2021.10,울산광역시,-670,-0.06
819,2021.11,울산광역시,-71,-0.01
820,2021.12,울산광역시,-903,-0.08
821,2022.01,울산광역시,-492,-0.04
822,2022.02,울산광역시,-1654,-0.15
823,2022.03,울산광역시,-1436,-0.13
824,2022.04,울산광역시,-806,-0.07
825,2022.05,울산광역시,-722,-0.06
826,2022.06,울산광역시,-873,-0.08
827,2022.07,울산광역시,-856,-0.08
828,2022.08,울산광역시,-1295,-0.12
829,2022.09,울산광역시,-1267,-0.11
830,2022.10,울산광역시,-484,-0.04
831,2022.11,울산광역시,-336,-0.03
832,2022.12,울산광역시,-708,-0.06
833,2013.02,세종특별자치시,1358,1.18
834,2013.03,세종특별자치시,686,0.59
835,2013.04,세종특별자치시,390,0.34
836,2013.05,세종특별자치시,497,0.43
837,2013.06,세종특별자치시,170,0.15
838,2013.07,세종특별자치시,357,0.3
839,2013.08,세종특별자치시,570,0.48
840,2013.09,세종특별자치시,334,0.28
841,2013.10,세종특별자치시,472,0.4
842,2013.11,세종특별자치시,564,0.47
843,2013.12,세종특별자치시,2844,2.33
844,2014.01,세종특별자치시,1649,1.33
845,2014.02,세종특별자치시,2142,1.7
846,2014.03,세종특별자치시,913,0.72
847,2014.04,세종특별자치시,1343,1.05
848,2014.05,세종특별자치시,1469,1.13
849,2014.06,세종특별자치시,1039,0.79
850,2014.07,세종특별자치시,1308,0.99
851,2014.08,세종특별자치시,2615,1.94
852,2014.09,세종특별자치시,3505,2.54
853,2014.10,세종특별자치시,4550,3.19
854,2014.11,세종특별자치시,5465,3.69
855,2014.12,세종특별자치시,7974,5.11
856,2015.01,세종특별자치시,5591,3.46
857,2015.02,세종특별자치시,8046,4.74
858,2015.03,세종특별자치시,5158,2.95
859,2015.04,세종특별자치시,3736,2.09
860,2015.05,세종특별자치시,3372,1.85
861,2015.06,세종특별자치시,3184,1.72
862,2015.07,세종특별자치시,4266,2.25
863,2015.08,세종특별자치시,4695,2.42
864,2015.09,세종특별자치시,3791,1.91
865,2015.10,세종특별자치시,4250,2.1
866,2015.11,세종특별자치시,3830,1.86
867,2015.12,세종특별자치시,4840,2.3
868,2016.01,세종특별자치시,4534,2.1
869,2016.02,세종특별자치시,4690,2.13
870,2016.03,세종특별자치시,3353,1.5
871,2016.04,세종특별자치시,2027,0.9
872,2016.05,세종특별자치시,2484,1.09
873,2016.06,세종특별자치시,2355,1.02
874,2016.07,세종특별자치시,1790,0.77
875,2016.08,세종특별자치시,2393,1.02
876,2016.09,세종특별자치시,1624,0.69
877,2016.10,세종특별자치시,2399,1.01
878,2016.11,세종특별자치시,2027,0.84
879,2016.12,세종특별자치시,2488,1.02
880,2017.01,세종특별자치시,1891,0.77
881,2017.02,세종특별자치시,2661,1.07
882,2017.03,세종특별자치시,3578,1.42
883,2017.04,세종특별자치시,2934,1.15
884,2017.05,세종특별자치시,5045,1.95
885,2017.06,세종특별자치시,3899,1.48
886,2017.07,세종특별자치시,3019,1.13
887,2017.08,세종특별자치시,3027,1.12
888,2017.09,세종특별자치시,2308,0.85
889,2017.10,세종특별자치시,2682,0.98
890,2017.11,세종특별자치시,2787,1.01
891,2017.12,세종특별자치시,3221,1.15
892,2018.01,세종특별자치시,3098,1.09
893,2018.02,세종특별자치시,4881,1.69
894,2018.03,세종특별자치시,3103,1.07
895,2018.04,세종특별자치시,3859,1.31
896,2018.05,세종특별자치시,2563,0.86
897,2018.06,세종특별자치시,2728,0.91
898,2018.07,세종특별자치시,2371,0.78
899,2018.08,세종특별자치시,2945,0.96
900,2018.09,세종특별자치시,2420,0.79
901,2018.10,세종특별자치시,2335,0.75
902,2018.11,세종특별자치시,1700,0.54
903,2018.12,세종특별자치시,2023,0.64
904,2019.01,세종특별자치시,2688,0.85
905,2019.02,세종특별자치시,3512,1.1
906,2019.03,세종특별자치시,2367,0.73
907,2019.04,세종특별자치시,1724,0.53
908,2019.05,세종특별자치시,1360,0.42
909,2019.06,세종특별자치시,1866,0.57
910,2019.07,세종특별자치시,2655,0.8
911,2019.08,세종특별자치시,1800,0.54
912,2019.09,세종특별자치시,1659,0.5
913,2019.10,세종특별자치시,2599,0.77
914,2019.11,세종특별자치시,2291,0.68
915,2019.12,세종특별자치시,1928,0.57
916,2020.01,세종특별자치시,1753,0.51
917,2020.02,세종특별자치시,1460,0.42
918,2020.03,세종특별자치시,1004,0.29
919,2020.04,세종특별자치시,424,0.12
920,2020.05,세종특별자치시,157,0.05
921,2020.06,세종특별자치시,-32,-0.01
922,2020.07,세종특별자치시,876,0.25
923,2020.08,세종특별자치시,1015,0.29
924,2020.09,세종특별자치시,782,0.22
925,2020.10,세종특별자치시,2993,0.85
926,2020.11,세종특별자치시,2423,0.69
927,2020.12,세종특별자치시,2401,0.67
928,2021.01,세종특별자치시,2040,0.57
929,2021.02,세종특별자치시,1698,0.47
930,2021.03,세종특별자치시,893,0.25
931,2021.04,세종특별자치시,934,0.26
932,2021.05,세종특별자치시,640,0.18
933,2021.06,세종특별자치시,959,0.26
934,2021.07,세종특별자치시,1369,0.38
935,2021.08,세종특별자치시,945,0.26
936,2021.09,세종특별자치시,1251,0.34
937,2021.10,세종특별자치시,1716,0.47
938,2021.11,세종특별자치시,1189,0.32
939,2021.12,세종특별자치시,2430,0.65
940,2022.01,세종특별자치시,2482,0.66
941,2022.02,세종특별자치시,2022,0.54
942,2022.03,세종특별자치시,897,0.24
943,2022.04,세종특별자치시,900,0.24
944,2022.05,세종특별자치시,1144,0.3
945,2022.06,세종특별자치시,875,0.23
946,2022.07,세종특별자치시,674,0.18
947,2022.08,세종특별자치시,550,0.14
948,2022.09,세종특별자치시,486,0.13
949,2022.10,세종특별자치시,333,0.09
950,2022.11,세종특별자치시,512,0.13
951,2022.12,세종특별자치시,821,0.21
952,2013.02,경기도,15808,0.13
953,2013.03,경기도,10566,0.09
954,2013.04,경기도,10793,0.09
955,2013.05,경기도,12331,0.1
956,2013.06,경기도,10861,0.09
957,2013.07,경기도,13978,0.11
958,2013.08,경기도,11979,0.1
959,2013.09,경기도,9548,0.08
960,2013.10,경기도,8727,0.07
961,2013.11,경기도,7979,0.07
962,2013.12,경기도,14844,0.12
963,2014.01,경기도,11330,0.09
964,2014.02,경기도,10657,0.09
965,2014.03,경기도,9924,0.08
966,2014.04,경기도,10210,0.08
967,2014.05,경기도,9719,0.08
968,2014.06,경기도,14228,0.12
969,2014.07,경기도,12951,0.11
970,2014.08,경기도,10821,0.09
971,2014.09,경기도,9553,0.08
972,2014.10,경기도,8425,0.07
973,2014.11,경기도,5630,0.05
974,2014.12,경기도,9752,0.08
975,2015.01,경기도,8881,0.07
976,2015.02,경기도,10233,0.08
977,2015.03,경기도,15353,0.12
978,2015.04,경기도,12982,0.1
979,2015.05,경기도,13620,0.11
980,2015.06,경기도,13164,0.11
981,2015.07,경기도,12861,0.1
982,2015.08,경기도,15680,0.13
983,2015.09,경기도,14961,0.12
984,2015.10,경기도,15515,0.12
985,2015.11,경기도,13710,0.11
986,2015.12,경기도,17816,0.14
987,2016.01,경기도,13868,0.11
988,2016.02,경기도,14924,0.12
989,2016.03,경기도,14493,0.12
990,2016.04,경기도,12706,0.1
991,2016.05,경기도,16232,0.13
992,2016.06,경기도,16048,0.13
993,2016.07,경기도,18448,0.15
994,2016.08,경기도,20569,0.16
995,2016.09,경기도,16384,0.13
996,2016.10,경기도,17452,0.14
997,2016.11,경기도,16190,0.13
998,2016.12,경기도,16860,0.13
999,2017.01,경기도,11840,0.09
1000,2017.02,경기도,12646,0.1
1001,2017.03,경기도,12717,0.1
1002,2017.04,경기도,9978,0.08
1003,2017.05,경기도,11214,0.09
1004,2017.06,경기도,8566,0.07
1005,2017.07,경기도,11637,0.09
1006,2017.08,경기도,14636,0.11
1007,2017.09,경기도,17619,0.14
1008,2017.10,경기도,13688,0.11
1009,2017.11,경기도,16840,0.13
1010,2017.12,경기도,15734,0.12
1011,2018.01,경기도,16550,0.13
1012,2018.02,경기도,17565,0.14
1013,2018.03,경기도,17751,0.14
1014,2018.04,경기도,15843,0.12
1015,2018.05,경기도,17044,0.13
1016,2018.06,경기도,16528,0.13
1017,2018.07,경기도,17989,0.14
1018,2018.08,경기도,19321,0.15
1019,2018.09,경기도,14852,0.11
1020,2018.10,경기도,17885,0.14
1021,2018.11,경기도,15851,0.12
1022,2018.12,경기도,16079,0.12
1023,2019.01,경기도,13495,0.1
1024,2019.02,경기도,14048,0.11
1025,2019.03,경기도,11883,0.09
1026,2019.04,경기도,12929,0.1
1027,2019.05,경기도,15974,0.12
1028,2019.06,경기도,13696,0.1
1029,2019.07,경기도,16833,0.13
1030,2019.08,경기도,17932,0.14
1031,2019.09,경기도,13276,0.1
1032,2019.10,경기도,11693,0.09
1033,2019.11,경기도,9265,0.07
1034,2019.12,경기도,11489,0.09
1035,2020.01,경기도,10702,0.08
1036,2020.02,경기도,15009,0.11
1037,2020.03,경기도,23598,0.18
1038,2020.04,경기도,22279,0.17
1039,2020.05,경기도,12787,0.1
1040,2020.06,경기도,13979,0.1
1041,2020.07,경기도,13871,0.1
1042,2020.08,경기도,18823,0.14
1043,2020.09,경기도,17771,0.13
1044,2020.10,경기도,12130,0.09
1045,2020.11,경기도,12844,0.1
1046,2020.12,경기도,13555,0.1
1047,2021.01,경기도,22485,0.17
1048,2021.02,경기도,22259,0.17
1049,2021.03,경기도,-5921,-0.04
1050,2021.04,경기도,13961,0.1
1051,2021.05,경기도,9112,0.07
1052,2021.06,경기도,11778,0.09
1053,2021.07,경기도,12179,0.09
1054,2021.08,경기도,17652,0.13
1055,2021.09,경기도,11765,0.09
1056,2021.10,경기도,7293,0.05
1057,2021.11,경기도,8396,0.06
1058,2021.12,경기도,7477,0.06
1059,2022.01,경기도,6000,0.04
1060,2022.02,경기도,2919,0.02
1061,2022.03,경기도,1567,0.01
1062,2022.04,경기도,1872,0.01
1063,2022.05,경기도,3688,0.03
1064,2022.06,경기도,4471,0.03
1065,2022.07,경기도,3395,0.02
1066,2022.08,경기도,694,0.01
1067,2022.09,경기도,-15703,-0.12
1068,2022.10,경기도,5155,0.04
1069,2022.11,경기도,3730,0.03
1070,2022.12,경기도,6194,0.05
1071,2013.02,강원도,-986,-0.06
1072,2013.03,강원도,1501,0.1
1073,2013.04,강원도,950,0.06
1074,2013.05,강원도,234,0.02
1075,2013.06,강원도,364,0.02
1076,2013.07,강원도,247,0.02
1077,2013.08,강원도,250,0.02
1078,2013.09,강원도,532,0.03
1079,2013.10,강원도,661,0.04
1080,2013.11,강원도,612,0.04
1081,2013.12,강원도,194,0.01
1082,2014.01,강원도,-1518,-0.1
1083,2014.02,강원도,-1402,-0.09
1084,2014.03,강원도,1708,0.11
1085,2014.04,강원도,505,0.03
1086,2014.05,강원도,285,0.02
1087,2014.06,강원도,-273,-0.02
1088,2014.07,강원도,-253,-0.02
1089,2014.08,강원도,-305,-0.02
1090,2014.09,강원도,404,0.03
1091,2014.10,강원도,733,0.05
1092,2014.11,강원도,457,0.03
1093,2014.12,강원도,1838,0.12
1094,2015.01,강원도,-802,-0.05
1095,2015.02,강원도,-722,-0.05
1096,2015.03,강원도,269,0.02
1097,2015.04,강원도,624,0.04
1098,2015.05,강원도,1383,0.09
1099,2015.06,강원도,1972,0.13
1100,2015.07,강원도,571,0.04
1101,2015.08,강원도,-91,-0.01
1102,2015.09,강원도,436,0.03
1103,2015.10,강원도,1139,0.07
1104,2015.11,강원도,-43,-0.0
1105,2015.12,강원도,329,0.02
1106,2016.01,강원도,-314,-0.02
1107,2016.02,강원도,-1177,-0.08
1108,2016.03,강원도,-171,-0.01
1109,2016.04,강원도,325,0.02
1110,2016.05,강원도,-349,-0.02
1111,2016.06,강원도,782,0.05
1112,2016.07,강원도,33,0.0
1113,2016.08,강원도,208,0.01
1114,2016.09,강원도,639,0.04
1115,2016.10,강원도,538,0.03
1116,2016.11,강원도,188,0.01
1117,2016.12,강원도,597,0.04
1118,2017.01,강원도,-1594,-0.1
1119,2017.02,강원도,-960,-0.06
1120,2017.03,강원도,-517,-0.03
1121,2017.04,강원도,-156,-0.01
1122,2017.05,강원도,-126,-0.01
1123,2017.06,강원도,376,0.02
1124,2017.07,강원도,-442,-0.03
1125,2017.08,강원도,68,0.0
1126,2017.09,강원도,313,0.02
1127,2017.10,강원도,231,0.01
1128,2017.11,강원도,1345,0.09
1129,2017.12,강원도,798,0.05
1130,2018.01,강원도,-2064,-0.13
1131,2018.02,강원도,-1819,-0.12
1132,2018.03,강원도,-107,-0.01
1133,2018.04,강원도,-700,-0.05
1134,2018.05,강원도,-161,-0.01
1135,2018.06,강원도,-448,-0.03
1136,2018.07,강원도,-585,-0.04
1137,2018.08,강원도,-590,-0.04
1138,2018.09,강원도,112,0.01
1139,2018.10,강원도,-339,-0.02
1140,2018.11,강원도,115,0.01
1141,2018.12,강원도,-504,-0.03
1142,2019.01,강원도,-1359,-0.09
1143,2019.02,강원도,-1248,-0.08
1144,2019.03,강원도,43,0.0
1145,2019.04,강원도,306,0.02
1146,2019.05,강원도,-18,-0.0
1147,2019.06,강원도,79,0.01
1148,2019.07,강원도,-141,-0.01
1149,2019.08,강원도,66,0.0
1150,2019.09,강원도,-59,-0.0
1151,2019.10,강원도,176,0.01
1152,2019.11,강원도,502,0.03
1153,2019.12,강원도,103,0.01
1154,2020.01,강원도,-962,-0.06
1155,2020.02,강원도,-1019,-0.07
1156,2020.03,강원도,-944,-0.06
1157,2020.04,강원도,-797,-0.05
1158,2020.05,강원도,859,0.06
1159,2020.06,강원도,643,0.04
1160,2020.07,강원도,812,0.05
1161,2020.08,강원도,595,0.04
1162,2020.09,강원도,415,0.03
1163,2020.10,강원도,732,0.05
1164,2020.11,강원도,538,0.03
1165,2020.12,강원도,466,0.03
1166,2021.01,강원도,-1144,-0.07
1167,2021.02,강원도,-821,-0.05
1168,2021.03,강원도,-4476,-0.29
1169,2021.04,강원도,-224,-0.01
1170,2021.05,강원도,-684,-0.04
1171,2021.06,강원도,39,0.0
1172,2021.07,강원도,610,0.04
1173,2021.08,강원도,130,0.01
1174,2021.09,강원도,495,0.03
1175,2021.10,강원도,952,0.06
1176,2021.11,강원도,556,0.04
1177,2021.12,강원도,219,0.01
1178,2022.01,강원도,168,0.01
1179,2022.02,강원도,391,0.03
1180,2022.03,강원도,-15,-0.0
1181,2022.04,강원도,2,0.0
1182,2022.05,강원도,-33,-0.0
1183,2022.06,강원도,59,0.0
1184,2022.07,강원도,114,0.01
1185,2022.08,강원도,-377,-0.02
1186,2022.09,강원도,-1405,-0.09
1187,2022.10,강원도,-57,-0.0
1188,2022.11,강원도,-476,-0.03
1189,2022.12,강원도,-365,-0.02
1190,2013.02,충청북도,27,0.0
1191,2013.03,충청북도,275,0.02
1192,2013.04,충청북도,948,0.06
1193,2013.05,충청북도,628,0.04
1194,2013.06,충청북도,1312,0.08
1195,2013.07,충청북도,488,0.03
1196,2013.08,충청북도,383,0.02
1197,2013.09,충청북도,755,0.05
1198,2013.10,충청북도,1218,0.08
1199,2013.11,충청북도,454,0.03
1200,2013.12,충청북도,574,0.04
1201,2014.01,충청북도,47,0.0
1202,2014.02,충청북도,144,0.01
1203,2014.03,충청북도,-9,-0.0
1204,2014.04,충청북도,1634,0.1
1205,2014.05,충청북도,525,0.03
1206,2014.06,충청북도,993,0.06
1207,2014.07,충청북도,753,0.05
1208,2014.08,충청북도,730,0.05
1209,2014.09,충청북도,852,0.05
1210,2014.10,충청북도,533,0.03
1211,2014.11,충청북도,103,0.01
1212,2014.12,충청북도,-104,-0.01
1213,2015.01,충청북도,-402,-0.03
1214,2015.02,충청북도,-278,-0.02
1215,2015.03,충청북도,495,0.03
1216,2015.04,충청북도,543,0.03
1217,2015.05,충청북도,751,0.05
1218,2015.06,충청북도,2139,0.14
1219,2015.07,충청북도,-341,-0.02
1220,2015.08,충청북도,-48,-0.0
1221,2015.09,충청북도,288,0.02
1222,2015.10,충청북도,576,0.04
1223,2015.11,충청북도,397,0.03
1224,2015.12,충청북도,899,0.06
1225,2016.01,충청북도,30,0.0
1226,2016.02,충청북도,-201,-0.01
1227,2016.03,충청북도,544,0.03
1228,2016.04,충청북도,987,0.06
1229,2016.05,충청북도,1102,0.07
1230,2016.06,충청북도,529,0.03
1231,2016.07,충청북도,596,0.04
1232,2016.08,충청북도,486,0.03
1233,2016.09,충청북도,523,0.03
1234,2016.10,충청북도,720,0.05
1235,2016.11,충청북도,1269,0.08
1236,2016.12,충청북도,1088,0.07
1237,2017.01,충청북도,49,0.0
1238,2017.02,충청북도,327,0.02
1239,2017.03,충청북도,-304,-0.02
1240,2017.04,충청북도,795,0.05
1241,2017.05,충청북도,81,0.01
1242,2017.06,충청북도,61,0.0
1243,2017.07,충청북도,183,0.01
1244,2017.08,충청북도,205,0.01
1245,2017.09,충청북도,291,0.02
1246,2017.10,충청북도,264,0.02
1247,2017.11,충청북도,428,0.03
1248,2017.12,충청북도,427,0.03
1249,2018.01,충청북도,-529,-0.03
1250,2018.02,충청북도,163,0.01
1251,2018.03,충청북도,642,0.04
1252,2018.04,충청북도,456,0.03
1253,2018.05,충청북도,658,0.04
1254,2018.06,충청북도,-50,-0.0
1255,2018.07,충청북도,389,0.02
1256,2018.08,충청북도,163,0.01
1257,2018.09,충청북도,410,0.03
1258,2018.10,충청북도,975,0.06
1259,2018.11,충청북도,475,0.03
1260,2018.12,충청북도,1068,0.07
1261,2019.01,충청북도,-97,-0.01
1262,2019.02,충청북도,-287,-0.02
1263,2019.03,충청북도,-93,-0.01
1264,2019.04,충청북도,713,0.04
1265,2019.05,충청북도,366,0.02
1266,2019.06,충청북도,-204,-0.01
1267,2019.07,충청북도,-282,-0.02
1268,2019.08,충청북도,34,0.0
1269,2019.09,충청북도,-63,-0.0
1270,2019.10,충청북도,160,0.01
1271,2019.11,충청북도,152,0.01
1272,2019.12,충청북도,356,0.02
1273,2020.01,충청북도,-616,-0.04
1274,2020.02,충청북도,-792,-0.05
1275,2020.03,충청북도,-960,-0.06
1276,2020.04,충청북도,-1026,-0.06
1277,2020.05,충청북도,97,0.01
1278,2020.06,충청북도,883,0.06
1279,2020.07,충청북도,343,0.02
1280,2020.08,충청북도,226,0.01
1281,2020.09,충청북도,374,0.02
1282,2020.10,충청북도,566,0.04
1283,2020.11,충청북도,578,0.04
1284,2020.12,충청북도,1157,0.07
1285,2021.01,충청북도,-1179,-0.07
1286,2021.02,충청북도,-536,-0.03
1287,2021.03,충청북도,-3408,-0.21
1288,2021.04,충청북도,589,0.04
1289,2021.05,충청북도,652,0.04
1290,2021.06,충청북도,548,0.03
1291,2021.07,충청북도,-2,-0.0
1292,2021.08,충청북도,-322,-0.02
1293,2021.09,충청북도,-414,-0.03
1294,2021.10,충청북도,183,0.01
1295,2021.11,충청북도,71,0.0
1296,2021.12,충청북도,408,0.03
1297,2022.01,충청북도,-330,-0.02
1298,2022.02,충청북도,-75,-0.0
1299,2022.03,충청북도,462,0.03
1300,2022.04,충청북도,-200,-0.01
1301,2022.05,충청북도,-251,-0.02
1302,2022.06,충청북도,85,0.01
1303,2022.07,충청북도,45,0.0
1304,2022.08,충청북도,-277,-0.02
1305,2022.09,충청북도,-1262,-0.08
1306,2022.10,충청북도,-46,-0.0
1307,2022.11,충청북도,-294,-0.02
1308,2022.12,충청북도,-226,-0.01
1309,2013.02,충청남도,2070,0.1
1310,2013.03,충청남도,1180,0.06
1311,2013.04,충청남도,1927,0.09
1312,2013.05,충청남도,1715,0.08
1313,2013.06,충청남도,1661,0.08
1314,2013.07,충청남도,1346,0.07
1315,2013.08,충청남도,1595,0.08
1316,2013.09,충청남도,1793,0.09
1317,2013.10,충청남도,2147,0.1
1318,2013.11,충청남도,1347,0.07
1319,2013.12,충청남도,1081,0.05
1320,2014.01,충청남도,807,0.04
1321,2014.02,충청남도,1312,0.06
1322,2014.03,충청남도,2190,0.11
1323,2014.04,충청남도,1897,0.09
1324,2014.05,충청남도,2319,0.11
1325,2014.06,충청남도,1022,0.05
1326,2014.07,충청남도,936,0.05
1327,2014.08,충청남도,538,0.03
1328,2014.09,충청남도,433,0.02
1329,2014.10,충청남도,786,0.04
1330,2014.11,충청남도,1100,0.05
1331,2014.12,충청남도,1302,0.06
1332,2015.01,충청남도,777,0.04
1333,2015.02,충청남도,-126,-0.01
1334,2015.03,충청남도,1305,0.06
1335,2015.04,충청남도,1380,0.07
1336,2015.05,충청남도,1487,0.07
1337,2015.06,충청남도,1348,0.07
1338,2015.07,충청남도,665,0.03
1339,2015.08,충청남도,2224,0.11
1340,2015.09,충청남도,981,0.05
1341,2015.10,충청남도,1026,0.05
1342,2015.11,충청남도,1616,0.08
1343,2015.12,충청남도,2693,0.13
1344,2016.01,충청남도,923,0.04
1345,2016.02,충청남도,1458,0.07
1346,2016.03,충청남도,1062,0.05
1347,2016.04,충청남도,1227,0.06
1348,2016.05,충청남도,1715,0.08
1349,2016.06,충청남도,1810,0.09
1350,2016.07,충청남도,893,0.04
1351,2016.08,충청남도,1531,0.07
1352,2016.09,충청남도,1563,0.07
1353,2016.10,충청남도,1795,0.09
1354,2016.11,충청남도,2212,0.11
1355,2016.12,충청남도,2889,0.14
1356,2017.01,충청남도,679,0.03
1357,2017.02,충청남도,2518,0.12
1358,2017.03,충청남도,2403,0.11
1359,2017.04,충청남도,2136,0.1
1360,2017.05,충청남도,1496,0.07
1361,2017.06,충청남도,1603,0.08
1362,2017.07,충청남도,1668,0.08
1363,2017.08,충청남도,2189,0.1
1364,2017.09,충청남도,1614,0.08
1365,2017.10,충청남도,1251,0.06
1366,2017.11,충청남도,1302,0.06
1367,2017.12,충청남도,1184,0.06
1368,2018.01,충청남도,915,0.04
1369,2018.02,충청남도,414,0.02
1370,2018.03,충청남도,1369,0.06
1371,2018.04,충청남도,1198,0.06
1372,2018.05,충청남도,952,0.04
1373,2018.06,충청남도,602,0.03
1374,2018.07,충청남도,311,0.01
1375,2018.08,충청남도,837,0.04
1376,2018.09,충청남도,408,0.02
1377,2018.10,충청남도,748,0.04
1378,2018.11,충청남도,885,0.04
1379,2018.12,충청남도,873,0.04
1380,2019.01,충청남도,-485,-0.02
1381,2019.02,충청남도,-425,-0.02
1382,2019.03,충청남도,406,0.02
1383,2019.04,충청남도,134,0.01
1384,2019.05,충청남도,-180,-0.01
1385,2019.06,충청남도,123,0.01
1386,2019.07,충청남도,-506,-0.02
1387,2019.08,충청남도,-189,-0.01
1388,2019.09,충청남도,-305,-0.01
1389,2019.10,충청남도,-236,-0.01
1390,2019.11,충청남도,-317,-0.01
1391,2019.12,충청남도,-593,-0.03
1392,2020.01,충청남도,-1254,-0.06
1393,2020.02,충청남도,-1460,-0.07
1394,2020.03,충청남도,-1246,-0.06
1395,2020.04,충청남도,-1292,-0.06
1396,2020.05,충청남도,53,0.0
1397,2020.06,충청남도,1261,0.06
1398,2020.07,충청남도,921,0.04
1399,2020.08,충청남도,-173,-0.01
1400,2020.09,충청남도,40,0.0
1401,2020.10,충청남도,-212,-0.01
1402,2020.11,충청남도,260,0.01
1403,2020.12,충청남도,422,0.02
1404,2021.01,충청남도,-1192,-0.06
1405,2021.02,충청남도,-295,-0.01
1406,2021.03,충청남도,-3719,-0.18
1407,2021.04,충청남도,629,0.03
1408,2021.05,충청남도,808,0.04
1409,2021.06,충청남도,140,0.01
1410,2021.07,충청남도,805,0.04
1411,2021.08,충청남도,-22,-0.0
1412,2021.09,충청남도,-85,-0.0
1413,2021.10,충청남도,879,0.04
1414,2021.11,충청남도,552,0.03
1415,2021.12,충청남도,-272,-0.01
1416,2022.01,충청남도,-619,-0.03
1417,2022.02,충청남도,274,0.01
1418,2022.03,충청남도,187,0.01
1419,2022.04,충청남도,197,0.01
1420,2022.05,충청남도,365,0.02
1421,2022.06,충청남도,540,0.03
1422,2022.07,충청남도,810,0.04
1423,2022.08,충청남도,71,0.0
1424,2022.09,충청남도,-813,-0.04
1425,2022.10,충청남도,1064,0.05
1426,2022.11,충청남도,1024,0.05
1427,2022.12,충청남도,680,0.03
1428,2013.02,전라북도,-189,-0.01
1429,2013.03,전라북도,-493,-0.03
1430,2013.04,전라북도,161,0.01
1431,2013.05,전라북도,-387,-0.02
1432,2013.06,전라북도,-47,-0.0
1433,2013.07,전라북도,25,0.0
1434,2013.08,전라북도,-72,-0.0
1435,2013.09,전라북도,228,0.01
1436,2013.10,전라북도,50,0.0
1437,2013.11,전라북도,594,0.03
1438,2013.12,전라북도,595,0.03
1439,2014.01,전라북도,-668,-0.04
1440,2014.02,전라북도,-1030,-0.06
1441,2014.03,전라북도,-128,-0.01
1442,2014.04,전라북도,35,0.0
1443,2014.05,전라북도,159,0.01
1444,2014.06,전라북도,-489,-0.03
1445,2014.07,전라북도,612,0.03
1446,2014.08,전라북도,600,0.03
1447,2014.09,전라북도,-125,-0.01
1448,2014.10,전라북도,-184,-0.01
1449,2014.11,전라북도,-22,-0.0
1450,2014.12,전라북도,-165,-0.01
1451,2015.01,전라북도,-542,-0.03
1452,2015.02,전라북도,-290,-0.02
1453,2015.03,전라북도,-762,-0.04
1454,2015.04,전라북도,-66,-0.0
1455,2015.05,전라북도,65,0.0
1456,2015.06,전라북도,-297,-0.02
1457,2015.07,전라북도,-314,-0.02
1458,2015.08,전라북도,-329,-0.02
1459,2015.09,전라북도,230,0.01
1460,2015.10,전라북도,42,0.0
1461,2015.11,전라북도,357,0.02
1462,2015.12,전라북도,57,0.0
1463,2016.01,전라북도,-1357,-0.07
1464,2016.02,전라북도,-820,-0.04
1465,2016.03,전라북도,-843,-0.05
1466,2016.04,전라북도,-507,-0.03
1467,2016.05,전라북도,-550,-0.03
1468,2016.06,전라북도,266,0.01
1469,2016.07,전라북도,-288,-0.02
1470,2016.08,전라북도,-380,-0.02
1471,2016.09,전라북도,-503,-0.03
1472,2016.10,전라북도,-686,-0.04
1473,2016.11,전라북도,432,0.02
1474,2016.12,전라북도,316,0.02
1475,2017.01,전라북도,-1493,-0.08
1476,2017.02,전라북도,-1343,-0.07
1477,2017.03,전라북도,-1470,-0.08
1478,2017.04,전라북도,-782,-0.04
1479,2017.05,전라북도,-776,-0.04
1480,2017.06,전라북도,-1112,-0.06
1481,2017.07,전라북도,-894,-0.05
1482,2017.08,전라북도,-936,-0.05
1483,2017.09,전라북도,-535,-0.03
1484,2017.10,전라북도,-762,-0.04
1485,2017.11,전라북도,-802,-0.04
1486,2017.12,전라북도,721,0.04
1487,2018.01,전라북도,-2913,-0.16
1488,2018.02,전라북도,-2151,-0.12
1489,2018.03,전라북도,-1477,-0.08
1490,2018.04,전라북도,-977,-0.05
1491,2018.05,전라북도,-945,-0.05
1492,2018.06,전라북도,-1505,-0.08
1493,2018.07,전라북도,-1630,-0.09
1494,2018.08,전라북도,-1582,-0.09
1495,2018.09,전라북도,-883,-0.05
1496,2018.10,전라북도,-1186,-0.06
1497,2018.11,전라북도,-1309,-0.07
1498,2018.12,전라북도,-1217,-0.07
1499,2019.01,전라북도,-2300,-0.13
1500,2019.02,전라북도,-2305,-0.13
1501,2019.03,전라북도,-1728,-0.09
1502,2019.04,전라북도,-1226,-0.07
1503,2019.05,전라북도,-1402,-0.08
1504,2019.06,전라북도,-1154,-0.06
1505,2019.07,전라북도,-1336,-0.07
1506,2019.08,전라북도,-1399,-0.08
1507,2019.09,전라북도,-1099,-0.06
1508,2019.10,전라북도,-1070,-0.06
1509,2019.11,전라북도,-1014,-0.06
1510,2019.12,전라북도,-1882,-0.1
1511,2020.01,전라북도,-1615,-0.09
1512,2020.02,전라북도,-2190,-0.12
1513,2020.03,전라북도,-2176,-0.12
1514,2020.04,전라북도,-1317,-0.07
1515,2020.05,전라북도,-1522,-0.08
1516,2020.06,전라북도,-1295,-0.07
1517,2020.07,전라북도,-758,-0.04
1518,2020.08,전라북도,-950,-0.05
1519,2020.09,전라북도,-653,-0.04
1520,2020.10,전라북도,-504,-0.03
1521,2020.11,전라북도,-733,-0.04
1522,2020.12,전라북도,-1100,-0.06
1523,2021.01,전라북도,-1356,-0.08
1524,2021.02,전라북도,-1429,-0.08
1525,2021.03,전라북도,-3869,-0.22
1526,2021.04,전라북도,-1119,-0.06
1527,2021.05,전라북도,-1649,-0.09
1528,2021.06,전라북도,-337,-0.02
1529,2021.07,전라북도,-443,-0.02
1530,2021.08,전라북도,-1426,-0.08
1531,2021.09,전라북도,-1366,-0.08
1532,2021.10,전라북도,-1340,-0.07
1533,2021.11,전라북도,-1154,-0.06
1534,2021.12,전라북도,-1761,-0.1
1535,2022.01,전라북도,-1463,-0.08
1536,2022.02,전라북도,-1469,-0.08
1537,2022.03,전라북도,-1718,-0.1
1538,2022.04,전라북도,-1381,-0.08
1539,2022.05,전라북도,-1594,-0.09
1540,2022.06,전라북도,-951,-0.05
1541,2022.07,전라북도,-1330,-0.07
1542,2022.08,전라북도,-1285,-0.07
1543,2022.09,전라북도,-3068,-0.17
1544,2022.10,전라북도,-820,-0.05
1545,2022.11,전라북도,-937,-0.05
1546,2022.12,전라북도,-1232,-0.07
1547,2013.02,전라남도,-918,-0.05
1548,2013.03,전라남도,-140,-0.01
1549,2013.04,전라남도,-410,-0.02
1550,2013.05,전라남도,-142,-0.01
1551,2013.06,전라남도,240,0.01
1552,2013.07,전라남도,-547,-0.03
1553,2013.08,전라남도,-586,-0.03
1554,2013.09,전라남도,-68,-0.0
1555,2013.10,전라남도,253,0.01
1556,2013.11,전라남도,868,0.05
1557,2013.12,전라남도,677,0.04
1558,2014.01,전라남도,-809,-0.04
1559,2014.02,전라남도,-1165,-0.06
1560,2014.03,전라남도,662,0.03
1561,2014.04,전라남도,1483,0.08
1562,2014.05,전라남도,-856,-0.04
1563,2014.06,전라남도,-1245,-0.07
1564,2014.07,전라남도,-1047,-0.05
1565,2014.08,전라남도,-1018,-0.05
1566,2014.09,전라남도,-827,-0.04
1567,2014.10,전라남도,-26,-0.0
1568,2014.11,전라남도,592,0.03
1569,2014.12,전라남도,2864,0.15
1570,2015.01,전라남도,-1560,-0.08
1571,2015.02,전라남도,-1000,-0.05
1572,2015.03,전라남도,-946,-0.05
1573,2015.04,전라남도,-62,-0.0
1574,2015.05,전라남도,171,0.01
1575,2015.06,전라남도,255,0.01
1576,2015.07,전라남도,408,0.02
1577,2015.08,전라남도,563,0.03
1578,2015.09,전라남도,793,0.04
1579,2015.10,전라남도,1214,0.06
1580,2015.11,전라남도,-243,-0.01
1581,2015.12,전라남도,3623,0.19
1582,2016.01,전라남도,-2092,-0.11
1583,2016.02,전라남도,-1204,-0.06
1584,2016.03,전라남도,-461,-0.02
1585,2016.04,전라남도,-322,-0.02
1586,2016.05,전라남도,-468,-0.02
1587,2016.06,전라남도,-135,-0.01
1588,2016.07,전라남도,-622,-0.03
1589,2016.08,전라남도,-809,-0.04
1590,2016.09,전라남도,-806,-0.04
1591,2016.10,전라남도,-55,-0.0
1592,2016.11,전라남도,238,0.01
1593,2016.12,전라남도,1654,0.09
1594,2017.01,전라남도,-1534,-0.08
1595,2017.02,전라남도,-1583,-0.08
1596,2017.03,전라남도,-1356,-0.07
1597,2017.04,전라남도,163,0.01
1598,2017.05,전라남도,-516,-0.03
1599,2017.06,전라남도,-1023,-0.05
1600,2017.07,전라남도,-384,-0.02
1601,2017.08,전라남도,-1707,-0.09
1602,2017.09,전라남도,-741,-0.04
1603,2017.10,전라남도,-557,-0.03
1604,2017.11,전라남도,-250,-0.01
1605,2017.12,전라남도,1998,0.11
1606,2018.01,전라남도,-2980,-0.16
1607,2018.02,전라남도,-2136,-0.11
1608,2018.03,전라남도,-885,-0.05
1609,2018.04,전라남도,-11,-0.0
1610,2018.05,전라남도,-686,-0.04
1611,2018.06,전라남도,-1735,-0.09
1612,2018.07,전라남도,-1694,-0.09
1613,2018.08,전라남도,-2012,-0.11
1614,2018.09,전라남도,-1648,-0.09
1615,2018.10,전라남도,-1217,-0.06
1616,2018.11,전라남도,98,0.01
1617,2018.12,전라남도,1452,0.08
1618,2019.01,전라남도,-4066,-0.22
1619,2019.02,전라남도,-3042,-0.16
1620,2019.03,전라남도,-1630,-0.09
1621,2019.04,전라남도,-1049,-0.06
1622,2019.05,전라남도,-1465,-0.08
1623,2019.06,전라남도,-1131,-0.06
1624,2019.07,전라남도,-1731,-0.09
1625,2019.08,전라남도,-1762,-0.09
1626,2019.09,전라남도,-1179,-0.06
1627,2019.10,전라남도,-876,-0.05
1628,2019.11,전라남도,549,0.03
1629,2019.12,전라남도,3157,0.17
1630,2020.01,전라남도,-4033,-0.22
1631,2020.02,전라남도,-2818,-0.15
1632,2020.03,전라남도,-2604,-0.14
1633,2020.04,전라남도,-2207,-0.12
1634,2020.05,전라남도,-1138,-0.06
1635,2020.06,전라남도,-1327,-0.07
1636,2020.07,전라남도,-1279,-0.07
1637,2020.08,전라남도,-1354,-0.07
1638,2020.09,전라남도,-861,-0.05
1639,2020.10,전라남도,-444,-0.02
1640,2020.11,전라남도,-123,-0.01
1641,2020.12,전라남도,992,0.05
1642,2021.01,전라남도,-974,-0.05
1643,2021.02,전라남도,-780,-0.04
1644,2021.03,전라남도,-4984,-0.27
1645,2021.04,전라남도,-663,-0.04
1646,2021.05,전라남도,-1725,-0.09
1647,2021.06,전라남도,-1502,-0.08
1648,2021.07,전라남도,-1223,-0.07
1649,2021.08,전라남도,-1345,-0.07
1650,2021.09,전라남도,-2663,-0.15
1651,2021.10,전라남도,-1037,-0.06
1652,2021.11,전라남도,-789,-0.04
1653,2021.12,전라남도,-1061,-0.06
1654,2022.01,전라남도,-199,-0.01
1655,2022.02,전라남도,-1153,-0.06
1656,2022.03,전라남도,-1950,-0.11
1657,2022.04,전라남도,-951,-0.05
1658,2022.05,전라남도,-876,-0.05
1659,2022.06,전라남도,-1234,-0.07
1660,2022.07,전라남도,-906,-0.05
1661,2022.08,전라남도,-1430,-0.08
1662,2022.09,전라남도,-3646,-0.2
1663,2022.10,전라남도,-1301,-0.07
1664,2022.11,전라남도,-673,-0.04
1665,2022.12,전라남도,-787,-0.04
1666,2013.02,경상북도,-1461,-0.05
1667,2013.03,경상북도,-248,-0.01
1668,2013.04,경상북도,-213,-0.01
1669,2013.05,경상북도,106,0.0
1670,2013.06,경상북도,386,0.01
1671,2013.07,경상북도,-387,-0.01
1672,2013.08,경상북도,46,0.0
1673,2013.09,경상북도,213,0.01
1674,2013.10,경상북도,745,0.03
1675,2013.11,경상북도,1169,0.04
1676,2013.12,경상북도,821,0.03
1677,2014.01,경상북도,-1134,-0.04
1678,2014.02,경상북도,-1000,-0.04
1679,2014.03,경상북도,-137,-0.01
1680,2014.04,경상북도,269,0.01
1681,2014.05,경상북도,125,0.0
1682,2014.06,경상북도,-315,-0.01
1683,2014.07,경상북도,77,0.0
1684,2014.08,경상북도,602,0.02
1685,2014.09,경상북도,6002,0.22
1686,2014.10,경상북도,-3601,-0.13
1687,2014.11,경상북도,-642,-0.02
1688,2014.12,경상북도,1108,0.04
1689,2015.01,경상북도,-1519,-0.06
1690,2015.02,경상북도,-806,-0.03
1691,2015.03,경상북도,-1167,-0.04
1692,2015.04,경상북도,-465,-0.02
1693,2015.05,경상북도,-163,-0.01
1694,2015.06,경상북도,1117,0.04
1695,2015.07,경상북도,1108,0.04
1696,2015.08,경상북도,1056,0.04
1697,2015.09,경상북도,506,0.02
1698,2015.10,경상북도,417,0.02
1699,2015.11,경상북도,1308,0.05
1700,2015.12,경상북도,640,0.02
1701,2016.01,경상북도,-1666,-0.06
1702,2016.02,경상북도,-105,-0.0
1703,2016.03,경상북도,93,0.0
1704,2016.04,경상북도,90,0.0
1705,2016.05,경상북도,674,0.02
1706,2016.06,경상북도,473,0.02
1707,2016.07,경상북도,-175,-0.01
1708,2016.08,경상북도,-917,-0.03
1709,2016.09,경상북도,152,0.01
1710,2016.10,경상북도,-488,-0.02
1711,2016.11,경상북도,-114,-0.0
1712,2016.12,경상북도,-445,-0.02
1713,2017.01,경상북도,-1595,-0.06
1714,2017.02,경상북도,-2474,-0.09
1715,2017.03,경상북도,-1785,-0.07
1716,2017.04,경상북도,-734,-0.03
1717,2017.05,경상북도,-951,-0.04
1718,2017.06,경상북도,-1132,-0.04
1719,2017.07,경상북도,-753,-0.03
1720,2017.08,경상북도,-303,-0.01
1721,2017.09,경상북도,831,0.03
1722,2017.10,경상북도,292,0.01
1723,2017.11,경상북도,84,0.0
1724,2017.12,경상북도,-172,-0.01
1725,2018.01,경상북도,-2959,-0.11
1726,2018.02,경상북도,-3114,-0.12
1727,2018.03,경상북도,-1972,-0.07
1728,2018.04,경상북도,-764,-0.03
1729,2018.05,경상북도,-581,-0.02
1730,2018.06,경상북도,-1226,-0.05
1731,2018.07,경상북도,-1544,-0.06
1732,2018.08,경상북도,-1274,-0.05
1733,2018.09,경상북도,-510,-0.02
1734,2018.10,경상북도,-858,-0.03
1735,2018.11,경상북도,110,0.0
1736,2018.12,경상북도,-183,-0.01
1737,2019.01,경상북도,-2826,-0.11
1738,2019.02,경상북도,-2418,-0.09
1739,2019.03,경상북도,-551,-0.02
1740,2019.04,경상북도,-661,-0.02
1741,2019.05,경상북도,-644,-0.02
1742,2019.06,경상북도,119,0.0
1743,2019.07,경상북도,-1014,-0.04
1744,2019.08,경상북도,-1179,-0.04
1745,2019.09,경상북도,-862,-0.03
1746,2019.10,경상북도,-723,-0.03
1747,2019.11,경상북도,-297,-0.01
1748,2019.12,경상북도,61,0.0
1749,2020.01,경상북도,-3328,-0.12
1750,2020.02,경상북도,-3552,-0.13
1751,2020.03,경상북도,-5538,-0.21
1752,2020.04,경상북도,-2364,-0.09
1753,2020.05,경상북도,-2294,-0.09
1754,2020.06,경상북도,-2267,-0.09
1755,2020.07,경상북도,-2492,-0.09
1756,2020.08,경상북도,-3069,-0.12
1757,2020.09,경상북도,-929,-0.04
1758,2020.10,경상북도,-240,-0.01
1759,2020.11,경상북도,-518,-0.02
1760,2020.12,경상북도,177,0.01
1761,2021.01,경상북도,-1783,-0.07
1762,2021.02,경상북도,-892,-0.03
1763,2021.03,경상북도,-1184,-0.04
1764,2021.04,경상북도,333,0.01
1765,2021.05,경상북도,-2304,-0.09
1766,2021.06,경상북도,-1191,-0.05
1767,2021.07,경상북도,-752,-0.03
1768,2021.08,경상북도,-1395,-0.05
1769,2021.09,경상북도,-1910,-0.07
1770,2021.10,경상북도,-419,-0.02
1771,2021.11,경상북도,-457,-0.02
1772,2021.12,경상북도,-859,-0.03
1773,2022.01,경상북도,-2299,-0.09
1774,2022.02,경상북도,-2284,-0.09
1775,2022.03,경상북도,-2385,-0.09
1776,2022.04,경상북도,-2089,-0.08
1777,2022.05,경상북도,-1375,-0.05
1778,2022.06,경상북도,-2214,-0.08
1779,2022.07,경상북도,-1947,-0.07
1780,2022.08,경상북도,-2660,-0.1
1781,2022.09,경상북도,-4290,-0.16
1782,2022.10,경상북도,-1677,-0.06
1783,2022.11,경상북도,-1337,-0.05
1784,2022.12,경상북도,-1560,-0.06
1785,2013.02,경상남도,-431,-0.01
1786,2013.03,경상남도,-373,-0.01
1787,2013.04,경상남도,702,0.02
1788,2013.05,경상남도,1197,0.04
1789,2013.06,경상남도,2628,0.08
1790,2013.07,경상남도,1622,0.05
1791,2013.08,경상남도,1027,0.03
1792,2013.09,경상남도,1176,0.04
1793,2013.10,경상남도,2442,0.07
1794,2013.11,경상남도,1841,0.06
1795,2013.12,경상남도,3010,0.09
1796,2014.01,경상남도,1128,0.03
1797,2014.02,경상남도,-536,-0.02
1798,2014.03,경상남도,676,0.02
1799,2014.04,경상남도,1892,0.06
1800,2014.05,경상남도,2889,0.09
1801,2014.06,경상남도,1242,0.04
1802,2014.07,경상남도,1175,0.04
1803,2014.08,경상남도,1021,0.03
1804,2014.09,경상남도,571,0.02
1805,2014.10,경상남도,525,0.02
1806,2014.11,경상남도,2914,0.09
1807,2014.12,경상남도,2940,0.09
1808,2015.01,경상남도,781,0.02
1809,2015.02,경상남도,99,0.0
1810,2015.03,경상남도,1643,0.05
1811,2015.04,경상남도,1822,0.05
1812,2015.05,경상남도,1566,0.05
1813,2015.06,경상남도,372,0.01
1814,2015.07,경상남도,-52,-0.0
1815,2015.08,경상남도,632,0.02
1816,2015.09,경상남도,2403,0.07
1817,2015.10,경상남도,1966,0.06
1818,2015.11,경상남도,1265,0.04
1819,2015.12,경상남도,1948,0.06
1820,2016.01,경상남도,62,0.0
1821,2016.02,경상남도,-69,-0.0
1822,2016.03,경상남도,326,0.01
1823,2016.04,경상남도,1637,0.05
1824,2016.05,경상남도,1072,0.03
1825,2016.06,경상남도,1062,0.03
1826,2016.07,경상남도,479,0.01
1827,2016.08,경상남도,-197,-0.01
1828,2016.09,경상남도,621,0.02
1829,2016.10,경상남도,1120,0.03
1830,2016.11,경상남도,916,0.03
1831,2016.12,경상남도,2140,0.06
1832,2017.01,경상남도,194,0.01
1833,2017.02,경상남도,-1799,-0.05
1834,2017.03,경상남도,-570,-0.02
1835,2017.04,경상남도,7,0.0
1836,2017.05,경상남도,883,0.03
1837,2017.06,경상남도,748,0.02
1838,2017.07,경상남도,1267,0.04
1839,2017.08,경상남도,-134,-0.0
1840,2017.09,경상남도,862,0.03
1841,2017.10,경상남도,2306,0.07
1842,2017.11,경상남도,1385,0.04
1843,2017.12,경상남도,1384,0.04
1844,2018.01,경상남도,-423,-0.01
1845,2018.02,경상남도,-1551,-0.05
1846,2018.03,경상남도,-914,-0.03
1847,2018.04,경상남도,-390,-0.01
1848,2018.05,경상남도,500,0.01
1849,2018.06,경상남도,-143,-0.0
1850,2018.07,경상남도,-235,-0.01
1851,2018.08,경상남도,-518,-0.02
1852,2018.09,경상남도,-699,-0.02
1853,2018.10,경상남도,-674,-0.02
1854,2018.11,경상남도,-310,-0.01
1855,2018.12,경상남도,-1059,-0.03
1856,2019.01,경상남도,-774,-0.02
1857,2019.02,경상남도,-2198,-0.07
1858,2019.03,경상남도,-1067,-0.03
1859,2019.04,경상남도,-1016,-0.03
1860,2019.05,경상남도,-1076,-0.03
1861,2019.06,경상남도,-868,-0.03
1862,2019.07,경상남도,-703,-0.02
1863,2019.08,경상남도,-1004,-0.03
1864,2019.09,경상남도,-1243,-0.04
1865,2019.10,경상남도,-156,-0.0
1866,2019.11,경상남도,-609,-0.02
1867,2019.12,경상남도,-721,-0.02
1868,2020.01,경상남도,-1209,-0.04
1869,2020.02,경상남도,-2516,-0.07
1870,2020.03,경상남도,-3487,-0.1
1871,2020.04,경상남도,-1961,-0.06
1872,2020.05,경상남도,-2033,-0.06
1873,2020.06,경상남도,-1893,-0.06
1874,2020.07,경상남도,-1817,-0.05
1875,2020.08,경상남도,-2468,-0.07
1876,2020.09,경상남도,-1399,-0.04
1877,2020.10,경상남도,-939,-0.03
1878,2020.11,경상남도,-1768,-0.05
1879,2020.12,경상남도,-847,-0.03
1880,2021.01,경상남도,-1820,-0.05
1881,2021.02,경상남도,-2351,-0.07
1882,2021.03,경상남도,-5582,-0.17
1883,2021.04,경상남도,-840,-0.03
1884,2021.05,경상남도,-2325,-0.07
1885,2021.06,경상남도,-1458,-0.04
1886,2021.07,경상남도,-1105,-0.03
1887,2021.08,경상남도,-2362,-0.07
1888,2021.09,경상남도,-3102,-0.09
1889,2021.10,경상남도,-1110,-0.03
1890,2021.11,경상남도,-1796,-0.05
1891,2021.12,경상남도,-2182,-0.07
1892,2022.01,경상남도,-2745,-0.08
1893,2022.02,경상남도,-4433,-0.13
1894,2022.03,경상남도,-3731,-0.11
1895,2022.04,경상남도,-2582,-0.08
1896,2022.05,경상남도,-2676,-0.08
1897,2022.06,경상남도,-2401,-0.07
1898,2022.07,경상남도,-1906,-0.06
1899,2022.08,경상남도,-2718,-0.08
1900,2022.09,경상남도,-4521,-0.14
1901,2022.10,경상남도,-1975,-0.06
1902,2022.11,경상남도,-1646,-0.05
1903,2022.12,경상남도,-2356,-0.07
1904,2013.02,제주특별자치도,1186,0.2
1905,2013.03,제주특별자치도,918,0.16
1906,2013.04,제주특별자치도,1004,0.17
1907,2013.05,제주특별자치도,848,0.14
1908,2013.06,제주특별자치도,617,0.1
1909,2013.07,제주특별자치도,1004,0.17
1910,2013.08,제주특별자치도,828,0.14
1911,2013.09,제주특별자치도,891,0.15
1912,2013.10,제주특별자치도,858,0.14
1913,2013.11,제주특별자치도,805,0.14
1914,2013.12,제주특별자치도,802,0.14
1915,2014.01,제주특별자치도,817,0.14
1916,2014.02,제주특별자치도,1290,0.22
1917,2014.03,제주특별자치도,1028,0.17
1918,2014.04,제주특별자치도,1074,0.18
1919,2014.05,제주특별자치도,1107,0.18
1920,2014.06,제주특별자치도,1162,0.19
1921,2014.07,제주특별자치도,1183,0.2
1922,2014.08,제주특별자치도,1054,0.17
1923,2014.09,제주특별자치도,1046,0.17
1924,2014.10,제주특별자치도,1204,0.2
1925,2014.11,제주특별자치도,1301,0.21
1926,2014.12,제주특별자치도,1274,0.21
1927,2015.01,제주특별자치도,979,0.16
1928,2015.02,제주특별자치도,1287,0.21
1929,2015.03,제주특별자치도,1432,0.23
1930,2015.04,제주특별자치도,1461,0.24
1931,2015.05,제주특별자치도,1353,0.22
1932,2015.06,제주특별자치도,1392,0.23
1933,2015.07,제주특별자치도,1788,0.29
1934,2015.08,제주특별자치도,1409,0.23
1935,2015.09,제주특별자치도,1562,0.25
1936,2015.10,제주특별자치도,1652,0.27
1937,2015.11,제주특별자치도,1291,0.21
1938,2015.12,제주특별자치도,1443,0.23
1939,2016.01,제주특별자치도,1056,0.17
1940,2016.02,제주특별자치도,1991,0.32
1941,2016.03,제주특별자치도,1778,0.28
1942,2016.04,제주특별자치도,1841,0.29
1943,2016.05,제주특별자치도,1741,0.28
1944,2016.06,제주특별자치도,1472,0.23
1945,2016.07,제주특별자치도,1526,0.24
1946,2016.08,제주특별자치도,1372,0.22
1947,2016.09,제주특별자치도,1027,0.16
1948,2016.10,제주특별자치도,1107,0.17
1949,2016.11,제주특별자치도,1182,0.18
1950,2016.12,제주특별자치도,1109,0.17
1951,2017.01,제주특별자치도,791,0.12
1952,2017.02,제주특별자치도,1348,0.21
1953,2017.03,제주특별자치도,1188,0.18
1954,2017.04,제주특별자치도,1216,0.19
1955,2017.05,제주특별자치도,1407,0.22
1956,2017.06,제주특별자치도,950,0.15
1957,2017.07,제주특별자치도,1693,0.26
1958,2017.08,제주특별자치도,1698,0.26
1959,2017.09,제주특별자치도,1382,0.21
1960,2017.10,제주특별자치도,1480,0.23
1961,2017.11,제주특별자치도,1263,0.19
1962,2017.12,제주특별자치도,1070,0.16
1963,2018.01,제주특별자치도,1084,0.16
1964,2018.02,제주특별자치도,1022,0.16
1965,2018.03,제주특별자치도,1252,0.19
1966,2018.04,제주특별자치도,1070,0.16
1967,2018.05,제주특별자치도,1122,0.17
1968,2018.06,제주특별자치도,893,0.13
1969,2018.07,제주특별자치도,1053,0.16
1970,2018.08,제주특별자치도,938,0.14
1971,2018.09,제주특별자치도,634,0.1
1972,2018.10,제주특별자치도,535,0.08
1973,2018.11,제주특별자치도,378,0.06
1974,2018.12,제주특별자치도,127,0.02
1975,2019.01,제주특별자치도,146,0.02
1976,2019.02,제주특별자치도,185,0.03
1977,2019.03,제주특별자치도,598,0.09
1978,2019.04,제주특별자치도,528,0.08
1979,2019.05,제주특별자치도,680,0.1
1980,2019.06,제주특별자치도,443,0.07
1981,2019.07,제주특별자치도,438,0.07
1982,2019.08,제주특별자치도,312,0.05
1983,2019.09,제주특별자치도,89,0.01
1984,2019.10,제주특별자치도,128,0.02
1985,2019.11,제주특별자치도,157,0.02
1986,2019.12,제주특별자치도,94,0.01
1987,2020.01,제주특별자치도,-240,-0.04
1988,2020.02,제주특별자치도,127,0.02
1989,2020.03,제주특별자치도,-368,-0.05
1990,2020.04,제주특별자치도,87,0.01
1991,2020.05,제주특별자치도,198,0.03
1992,2020.06,제주특별자치도,523,0.08
1993,2020.07,제주특별자치도,597,0.09
1994,2020.08,제주특별자치도,611,0.09
1995,2020.09,제주특별자치도,424,0.06
1996,2020.10,제주특별자치도,658,0.1
1997,2020.11,제주특별자치도,395,0.06
1998,2020.12,제주특별자치도,634,0.09
1999,2021.01,제주특별자치도,-20,-0.0
2000,2021.02,제주특별자치도,522,0.08
2001,2021.03,제주특별자치도,-1163,-0.17
2002,2021.04,제주특별자치도,510,0.08
2003,2021.05,제주특별자치도,393,0.06
2004,2021.06,제주특별자치도,416,0.06
2005,2021.07,제주특별자치도,583,0.09
2006,2021.08,제주특별자치도,7,0.0
2007,2021.09,제주특별자치도,196,0.03
2008,2021.10,제주특별자치도,490,0.07
2009,2021.11,제주특별자치도,199,0.03
2010,2021.12,제주특별자치도,-9,-0.0
2011,2022.01,제주특별자치도,-68,-0.01
2012,2022.02,제주특별자치도,452,0.07
2013,2022.03,제주특별자치도,75,0.01
2014,2022.04,제주특별자치도,195,0.03
2015,2022.05,제주특별자치도,353,0.05
2016,2022.06,제주특별자치도,246,0.04
2017,2022.07,제주특별자치도,479,0.07
2018,2022.08,제주특별자치도,525,0.08
2019,2022.09,제주특별자치도,-590,-0.09
2020,2022.10,제주특별자치도,-102,-0.02
2021,2022.11,제주특별자치도,49,0.01
2022,2022.12,제주특별자치도,-214,-0.03
